subject,message,label
"Tomorrow's Meeting Reminder Dear Team,  Just a friendly reminder that our meeting is tomorrow at 9:00 AM. Make sure you are prepared and have any necessary materials ready.  If you have any specific items you wish to discuss, please let me know in advance.  Thank you, Team Leader  Meeting Participants: Alice Smith Bob Johnson Cathy Brown David Lee Emily White Fred Adams Grace Miller Henry Green Irene Taylor John Davis Kelly Clark Laura Evans  Please note that this email is for demonstration purposes only and does not contain actual recipient emails.","Attention Team,  This is a reminder for an important meeting scheduled for tomorrow at 9:00 AM in the conference room. Please make sure to be on time. The agenda includes discussing the upcoming project deadlines and assigning responsibilities.  Looking forward to productive discussions.  Thank you, [Your Name] - - - - - original message - - - - - from: teamleader@example.com sent: Tuesday, August 25, 2001 4:30 PM to: allteam@example.com",0
Urgent: Final Approval Needed for Project Proposal ,"Hello Team,  I hope this message finds you well. Our project proposal for the upcoming year is now complete, and we are seeking final approval before we proceed further.  The proposal outlines the objectives, timeline, and budget for the project. We have worked diligently to ensure that it aligns with our goals and strategies for the upcoming period.  Please review the attached proposal and provide your comments and final approval by the end of the day. Your input is valuable, and we want to ensure that all aspects are thoroughly reviewed.  If you have any questions or need further clarification, please feel free to reach out. Your prompt attention to this matter is greatly appreciated.  Thank you for your cooperation.  Warm regards, [Your Name]",0
Invitation to Exclusive Networking Event ,"Dear [Recipient's Name],  I hope this message finds you well. I am pleased to extend this exclusive invitation to you on behalf of our organization.  We are hosting a high-profile networking event on [Date] at [Venue], bringing together industry leaders, influencers, and innovators for a dynamic and engaging evening.  This event will provide a unique opportunity to connect with key individuals in the industry, share insights, and explore potential collaborations. The agenda includes panel discussions, interactive sessions, and ample networking time to foster meaningful connections.  We believe that your presence at this event would greatly enrich the experience for all attendees. Your expertise and contributions to the industry are highly valued, and we would be honored to have you join us.  Please RSVP by [RSVP Deadline] to secure your spot at this exclusive event. Should you have any questions or require further information, feel free to contact me directly.  We look forward to welcoming you and engaging in stimulating conversations that drive innovation and progress in our industry.  Warm regards,  [Your Name] [Your Position] [Your Contact Information]",0
Update: Shift Change Request ," Hello Team,  I hope this email finds you well. I am writing to inform you that there have been some changes to the upcoming shift schedule. Due to unforeseen circumstances, we have had to adjust some shifts for the next week.  Please find below the updated schedule:  - Monday, November 22: - Morning Shift (8:00 am - 2:00 pm): John - Afternoon Shift (2:00 pm - 8:00 pm): Sarah  - Tuesday, November 23: - Morning Shift (8:00 am - 2:00 pm): Michael - Afternoon Shift (2:00 pm - 8:00 pm): Emily  - Wednesday, November 24: - Morning Shift (8:00 am - 2:00 pm): David - Afternoon Shift (2:00 pm - 8:00 pm): Lisa  If you have any concerns or questions about these changes, please do not hesitate to reach out to me directly.  Thank you for your understanding and cooperation.  Best regards, [Your Name] [Your Position]",0
Meeting Follow-Up ,"Hello Team,  I wanted to express my sincere gratitude to each and every one of you for your hard work and dedication in preparing and executing our recent PRC. The level of professionalism and detail that went into the planning did not go unnoticed.  Specifically, I would like to thank Dave and his team for their exceptional work. Your efforts truly made a difference and contributed to the success of our PRC.  Looking forward to future collaborations and more successful endeavors!  Warm regards, John and Louise",0
Invitation to Virtual Conference on Sustainability Practices ,"Good day,  I hope this message finds you well. I am thrilled to extend an invitation to you for our upcoming Virtual Conference on Sustainability Practices. The conference aims to bring together experts, professionals, and enthusiasts in the field to discuss and share insights on sustainable practices in various industries.  Date & Time: - Date: Friday, August 20 - Time: 9:00 AM - 4:00 PM  Agenda: - Keynote speech on current sustainability trends - Panel discussions on incorporating sustainability in business strategies - Workshops on practical implementation of sustainable practices - Networking sessions to connect with like-minded individuals  Please confirm your attendance by replying to this email no later than Friday, August 13. We value your input and expertise, and we believe your perspective will greatly enrich our discussions.  Looking forward to your participation and valuable contributions. Should you have any questions or require further information, feel free to reach out.  Thank you for considering this invitation.  Warm regards,  Sophia Miller Event Coordinator GreenSustain Conferences",0
[Follow-Up] Request for Weather Forecast Update ,"Hello Team,  I trust this email finds you well. I am writing to request an update on the upcoming weather forecast for our region. As we approach the weekend, it would be beneficial to have the most recent information available.  Could you kindly provide details on the temperature trends, expected conditions, and any potential changes in the forecast? This information will help us plan accordingly and ensure preparedness for any weather variations.  Your prompt attention to this matter is greatly appreciated. Thank you for your continued efforts in keeping us informed.  Warm regards, [Your Name]",0
re: Important Project Update ,"Hi Team,  I hope this message finds you well. I wanted to provide a brief update on our ongoing project regarding the implementation of the new marketing strategy. We have made significant progress in aligning our goals and actions towards the outlined objectives.  As of the latest review, all milestones are being met within the expected timeline. The team has been diligently working on refining the communication strategy to enhance stakeholder engagement and maximize our reach effectively. I am pleased to report that no major deviations or setbacks have been encountered thus far.  Additionally, I would like to acknowledge the exceptional teamwork and dedication displayed by each member involved in this project. Your collective effort and commitment are instrumental in driving our success and achieving the desired outcomes.  Should you have any questions or require further clarification on any aspect of the project, please do not hesitate to reach out. Your input and feedback are highly valued as we continue to strive for excellence.  Thank you for your continued hard work and collaboration.  Warm regards, [Your Name]",0
Query Regarding Monthly Report Data,"Hello Team,  I hope this message finds you well. I'm writing to inquire about the data reported in the monthly report for October. We noticed a discrepancy in the figures provided for the sales forecasts and actual revenue generated. Could you please investigate this matter and provide clarification on the numbers?  Your prompt attention to this query is greatly appreciated.  Thank you for your assistance.  Best regards, [Your Name]",0
Deadline Extension Request for Project Deliverables ,"  Dear Team,  I hope this message finds you well. I am writing to request an extension for the submission of our project deliverables. Due to unexpected challenges and delays in the development phase, we require additional time to ensure the quality and accuracy of the final output.  As we aim to deliver a comprehensive and polished project, I kindly ask for your understanding and support in extending the deadline by [Specify Number of Days/Weeks]. This extension will allow us to address all outstanding issues, conduct thorough testing, and make necessary enhancements for an impeccable final delivery.  I assure you that our team is fully committed to meeting the revised deadline and will work diligently to achieve the project objectives effectively. Your cooperation in granting this extension is greatly appreciated and will enable us to deliver a successful outcome.  Thank you for your attention to this matter. I look forward to your prompt response regarding the deadline extension request.  Warm regards,  [Your Name] [Your Position] [Your Contact Information]",0
